Arguments;Attacks;PercentageIncomplete;Index;Runtime;PreprocessingTime;GroundingTime;Timeout;NrRelevant;NrReachable;StabilityTime;StabilityStatus
150;225;30;16;9,757687330245972;0,014038562774658203;0,045305490493774414;0;121;45;0,004369974136352539;Unstable
100;150;40;22;0,014920711517333984;0,008925914764404297;0,0017457008361816406;0;6;3;0,003442049026489258;Unstable
250;375;10;6;0,20411419868469238;0,04059743881225586;0,07614469528198242;0;0;37;0,005419254302978516;is_out(a0)
200;300;30;5;0,02916574478149414;0,015550851821899414;0,0059032440185546875;0;0;13;0,00600433349609375;is_out(a0)
150;225;40;4;;;;1;;102;0,005432605743408203;Unstable
200;300;10;18;0,20244359970092773;0,027898550033569336;0,04631638526916504;0;6;30;0,0045773983001708984;Unstable
200;300;20;19;0,42130088806152344;0,03841090202331543;0,15877056121826172;0;0;66;0,0053555965423583984;is_out(a0)
200;300;20;0;0,03863263130187988;0,03233909606933594;0,001500844955444336;0;0;0;0,009080886840820312;is_in(a0)
50;75;30;8;0,011055707931518555;0,0035398006439208984;0,002662181854248047;0;0;4;0,0023338794708251953;is_out(a0)
150;225;10;20;0,08132743835449219;0,02557206153869629;0,02895355224609375;0;0;19;0,0037078857421875;is_in(a0)
150;225;30;14;0,24385571479797363;0,017279386520385742;0,0851905345916748;0;0;57;0,00443577766418457;is_in(a0)
100;150;30;7;0,05801987648010254;0,0067348480224609375;0,03579449653625488;0;0;24;0,0032377243041992188;is_out(a0)
200;300;30;15;;;;1;;97;0,006978273391723633;Unstable
100;150;10;10;0,06474494934082031;0,013585090637207031;0,022108793258666992;0;2;18;0,0031137466430664062;Unstable
150;225;30;8;0,2384955883026123;0,020760774612426758;0,09143209457397461;0;0;61;0,0055408477783203125;is_out(a0)
250;375;20;20;0,049234867095947266;0,0424191951751709;0,0013239383697509766;0;0;0;0,006392955780029297;is_in(a0)
250;375;40;4;13,791484832763672;0,037775516510009766;0,31150221824645996;0;32;127;0,008022069931030273;Unstable
150;225;40;18;1,989501714706421;0,021347522735595703;0,11880040168762207;0;10;87;0,005224466323852539;Unstable
250;375;40;15;0,06327176094055176;0,05595707893371582;0,001425027847290039;0;0;0;0,007632017135620117;is_in(a0)
150;225;30;17;15,919912099838257;0,022520780563354492;0,1561121940612793;0;126;73;0,005307674407958984;Unstable
250;375;20;8;0,06006455421447754;0,05267167091369629;0,0014476776123046875;0;0;0;0,006669521331787109;is_in(a0)
100;150;40;19;0,016519546508789062;0,008703947067260742;0,001958131790161133;0;0;1;0,004064083099365234;is_out(a0)
50;75;40;15;0,012967348098754883;0,005759239196777344;0,0018033981323242188;0;0;0;0,002456188201904297;is_in(a0)
50;75;30;0;0,013211965560913086;0,0056874752044677734;0,0020864009857177734;0;0;1;0,002544879913330078;is_in(a0)
100;150;30;10;0,19164133071899414;0,010971784591674805;0,08793902397155762;0;4;46;0,004922389984130859;Unstable
150;225;30;5;0,023755311965942383;0,01581573486328125;0,0016942024230957031;0;0;0;0,004857778549194336;is_in(a0)
200;300;30;18;0,04199552536010742;0,0327146053314209;0,0025887489318847656;0;2;1;0,006842851638793945;Unstable
200;300;30;19;0,3625960350036621;0,031484127044677734;0,12999725341796875;0;0;77;0,006528377532958984;is_out(a0)
250;375;20;19;2,202491044998169;0,051169395446777344;0,17231440544128418;0;11;67;0,006787776947021484;Unstable
50;75;40;14;0,011444330215454102;0,0035104751586914062;0,002240896224975586;0;2;1;0,002826690673828125;Unstable
150;225;20;22;0,16637754440307617;0,018590927124023438;0,05080747604370117;0;2;33;0,004437446594238281;Unstable
150;225;20;21;0,965583324432373;0,027125120162963867;0,05840635299682617;0;29;40;0,004812002182006836;Unstable
250;375;10;7;0,05055403709411621;0,04263138771057129;0,002279996871948242;0;2;2;0,006536722183227539;Unstable
50;75;40;0;0,3827965259552002;0,0047376155853271484;0,02512669563293457;0;72;30;0,0028028488159179688;Unstable
200;300;20;15;10,780763864517212;0,033966064453125;0,12429928779602051;0;78;63;0,006422281265258789;Unstable
250;375;30;19;1,0389089584350586;0,05208563804626465;0,3209037780761719;0;0;118;0,0075757503509521484;is_out(a0)
250;375;40;14;;;;1;;122;0,008230447769165039;Unstable
200;300;10;5;0,06321167945861816;0,02294325828552246;0,02274155616760254;0;0;13;0,0048389434814453125;is_out(a0)
200;300;20;3;0,04044818878173828;0,024858713150024414;0,008118629455566406;0;0;9;0,005725860595703125;is_out(a0)
200;300;10;13;0,09763598442077637;0,027114152908325195;0,04065394401550293;0;0;20;0,004899740219116211;is_out(a0)
50;75;20;3;0,018629074096679688;0,004435539245605469;0,0072553157806396484;0;0;7;0,0023720264434814453;is_out(a0)
50;75;10;5;0,01446223258972168;0,004703998565673828;0,003841876983642578;0;0;4;0,0021715164184570312;is_out(a0)
100;150;30;8;2,734499216079712;0,012741327285766602;0,06771540641784668;0;76;53;0,004402875900268555;Unstable
150;225;30;10;26,035902738571167;0,020101070404052734;0,06554388999938965;0;156;52;0,006139278411865234;Unstable
250;375;10;24;0,06104421615600586;0,05239582061767578;0,002611398696899414;0;0;0;0,006188392639160156;is_out(a0)
250;375;40;2;0,04243588447570801;0,03574728965759277;0,0020537376403808594;0;0;0;0,00807499885559082;is_in(a0)
200;300;40;21;;;;1;;108;0,007395267486572266;Unstable
200;300;40;14;;;;1;;129;0,007405281066894531;Unstable
250;375;20;24;0,04920005798339844;0,04004621505737305;0,0018396377563476562;0;0;0;0,007234096527099609;is_in(a0)
50;75;30;12;0,10686516761779785;0,006680965423583984;0,030556201934814453;0;10;29;0,002995729446411133;Unstable
100;150;20;24;0,015441656112670898;0,007061958312988281;0,0017859935760498047;0;0;0;0,004037618637084961;is_in(a0)
50;75;30;3;0,18740129470825195;0,005326747894287109;0,0216982364654541;0;64;25;0,0028924942016601562;Unstable
200;300;30;20;37,10813808441162;0,0350651741027832;0,24256420135498047;0;103;83;0,007501363754272461;Unstable
100;150;10;9;0,019115209579467773;0,010164260864257812;0,002476215362548828;0;2;1;0,003543853759765625;Unstable
100;150;20;4;0,01991581916809082;0,01140284538269043;0,0016722679138183594;0;0;0;0,0040645599365234375;is_in(a0)
150;225;40;17;0,032219886779785156;0,022786855697631836;0,001758575439453125;0;0;0;0,006447315216064453;is_in(a0)
50;75;30;11;0,055895328521728516;0,0057525634765625;0,03117990493774414;0;0;28;0,0029914379119873047;is_out(a0)
250;375;30;9;0,05591940879821777;0,043550729751586914;0,0027358531951904297;0;0;0;0,008438587188720703;is_in(a0)
100;150;10;13;0,08756685256958008;0,014980077743530273;0,03156447410583496;0;10;16;0,0035843849182128906;Unstable
100;150;20;21;0,024489641189575195;0,015401601791381836;0,001856088638305664;0;0;0;0,004674196243286133;is_in(a0)
50;75;10;4;0,036391258239746094;0,007286548614501953;0,014835596084594727;0;7;8;0,003912448883056641;Unstable
100;150;30;0;0,9812905788421631;0,015341520309448242;0,0602719783782959;0;39;43;0,004818916320800781;Unstable
250;375;30;7;;;;1;;106;0,008712053298950195;Unstable
200;300;10;15;0,039980173110961914;0,0313112735748291;0,0025441646575927734;0;2;2;0,005637407302856445;Unstable
250;375;20;18;0,06053924560546875;0,04997873306274414;0,0021271705627441406;0;2;1;0,007189750671386719;Unstable
100;150;20;5;0,09592747688293457;0,012583732604980469;0,04999065399169922;0;0;32;0,004126548767089844;is_out(a0)
100;150;10;15;0,019118309020996094;0,010537385940551758;0,0020737648010253906;0;0;0;0,0032291412353515625;is_in(a0)
150;225;40;1;2,3552112579345703;0,024263858795166016;0,1391758918762207;0;22;78;0,006199836730957031;Unstable
200;300;30;6;0,0505681037902832;0,01566934585571289;0,020390987396240234;0;0;23;0,00737452507019043;is_out(a0)
100;150;10;17;0,07434272766113281;0,01324152946472168;0,03910946846008301;0;0;21;0,0033872127532958984;is_out(a0)
200;300;40;24;;;;1;;117;0,00939631462097168;Unstable
200;300;20;11;0,04807901382446289;0,038108110427856445;0,0018057823181152344;0;0;0;0,006992340087890625;is_in(a0)
250;375;30;16;0,05360698699951172;0,04330897331237793;0,0017094612121582031;0;0;0;0,00908803939819336;is_in(a0)
50;75;10;18;0,015334844589233398;0,005763530731201172;0,002768993377685547;0;0;1;0,0025506019592285156;is_out(a0)
50;75;20;6;0,012931585311889648;0,0042765140533447266;0,002107381820678711;0;0;0;0,002747774124145508;is_in(a0)
100;150;10;24;0,0710134506225586;0,010141611099243164;0,036751747131347656;0;0;19;0,003858327865600586;is_out(a0)
150;225;10;22;0,02885580062866211;0,0193784236907959;0,0020165443420410156;0;0;0;0,0049228668212890625;is_in(a0)
150;225;30;22;57,82931470870972;0,022297382354736328;0,11463356018066406;0;203;65;0,00641632080078125;Unstable
50;75;40;1;0,013718366622924805;0,004292726516723633;0,0024237632751464844;0;0;0;0,003194570541381836;is_in(a0)
250;375;40;7;0,0597381591796875;0,048655033111572266;0,0016489028930664062;0;0;0;0,01011514663696289;is_in(a0)
200;300;40;20;0,039925336837768555;0,028910398483276367;0,0021021366119384766;0;2;1;0,008037567138671875;Unstable
200;300;30;11;0,4641540050506592;0,034789323806762695;0,1884138584136963;0;0;87;0,007539510726928711;is_out(a0)
50;75;30;6;0,06511831283569336;0,006812095642089844;0,028679609298706055;0;0;24;0,003216266632080078;is_in(a0)
150;225;30;1;0,02704477310180664;0,015839576721191406;0,0019352436065673828;0;0;0;0,009578466415405273;is_in(a0)
50;75;20;5;0,015119314193725586;0,004693508148193359;0,0035858154296875;0;0;1;0,002756357192993164;is_out(a0)
100;150;40;14;0,02090144157409668;0,011383771896362305;0,002179384231567383;0;0;0;0,004958391189575195;is_in(a0)
250;375;20;11;2,0169081687927246;0,0456089973449707;0,13808274269104004;0;12;59;0,008264541625976562;Unstable
250;375;40;20;0,04909014701843262;0,03618264198303223;0,002626657485961914;0;2;2;0,010185718536376953;Unstable
250;375;10;17;0,058449506759643555;0,04880166053771973;0,0020754337310791016;0;0;0;0,006651401519775391;is_in(a0)
150;225;10;11;0,09704113006591797;0,02005791664123535;0,03865790367126465;0;2;19;0,0050945281982421875;Unstable
150;225;20;17;0,032312631607055664;0,02240157127380371;0,0021800994873046875;0;0;0;0,005652189254760742;is_in(a0)
100;150;40;5;0,28952860832214355;0,010240793228149414;0,07095217704772949;0;0;55;0,005362272262573242;is_in(a0)
250;375;20;21;0,5171563625335693;0,042952537536621094;0,12755107879638672;0;2;54;0,008450508117675781;Unstable
250;375;20;1;1,0349934101104736;0,0464787483215332;0,20874404907226562;0;0;74;0,007828950881958008;is_out(a0)
200;300;40;15;0,038385868072509766;0,025220394134521484;0,0034198760986328125;0;8;4;0,008645057678222656;Unstable
50;75;30;15;0,09451818466186523;0,005150794982910156;0,022960186004638672;0;37;20;0,00330352783203125;Unstable
100;150;40;9;0,029016494750976562;0,014587640762329102;0,0046274662017822266;0;10;6;0,005749225616455078;Unstable
150;225;40;13;0,4972107410430908;0,024154186248779297;0,1958935260772705;0;0;99;0,0070226192474365234;is_out(a0)
200;300;20;6;2,4595561027526855;0,0381929874420166;0,11040425300598145;0;50;56;0,007012128829956055;Unstable
200;300;40;22;;;;1;;119;0,008270502090454102;Unstable
150;225;40;21;23,66951274871826;0,026451826095581055;0,1960158348083496;0;65;103;0,007039070129394531;Unstable
150;225;10;15;0,1091775894165039;0,0279388427734375;0,05069470405578613;0;0;22;0,004823207855224609;is_in(a0)
50;75;20;12;0,03927922248840332;0,0067179203033447266;0,020205020904541016;0;0;14;0,002610445022583008;is_in(a0)
100;150;30;18;0,022668838500976562;0,01262664794921875;0,0020835399627685547;0;0;0;0,00530695915222168;is_in(a0)
50;75;40;17;0,05905318260192871;0,004946470260620117;0,018340349197387695;0;30;18;0,0036401748657226562;Unstable
250;375;30;12;0,050890207290649414;0,039316654205322266;0,0019481182098388672;0;0;0;0,009482383728027344;is_in(a0)
150;225;10;10;0,039632320404052734;0,029291152954101562;0,0024781227111816406;0;2;1;0,004810333251953125;Unstable
200;300;10;22;0,2038896083831787;0,04320859909057617;0,07912445068359375;0;0;30;0,00579833984375;is_in(a0)
100;150;40;3;0,02274012565612793;0,012230873107910156;0,0021483898162841797;0;0;0;0,0052051544189453125;is_in(a0)
200;300;20;16;1,0427672863006592;0,03471732139587402;0,09589838981628418;0;21;47;0,007378101348876953;Unstable
250;375;10;14;0,2483992576599121;0,05527520179748535;0,09557104110717773;0;0;35;0,006943941116333008;is_out(a0)
50;75;10;17;0,030861377716064453;0,007009267807006836;0,013483762741088867;0;2;6;0,0023398399353027344;Unstable
50;75;20;16;0,03365588188171387;0,005513668060302734;0,012066364288330078;0;26;8;0,00335693359375;Unstable
250;375;30;10;0,715200662612915;0,04610633850097656;0,21422290802001953;0;0;92;0,009374141693115234;is_out(a0)
100;150;30;11;20,897758722305298;0,01869821548461914;0,08855175971984863;0;126;54;0,005255699157714844;Unstable
100;150;40;8;0,32721686363220215;0,017110824584960938;0,1172332763671875;0;0;76;0,005355119705200195;is_in(a0)
50;75;30;19;0,014857292175292969;0,005617618560791016;0,002321958541870117;0;0;0;0,0029420852661132812;is_in(a0)
250;375;30;11;0,07872128486633301;0,0666353702545166;0,0019211769104003906;0;0;0;0,010054588317871094;is_in(a0)
150;225;20;0;0,03849649429321289;0,028604984283447266;0,002023458480834961;0;0;0;0,0058269500732421875;is_out(a0)
250;375;40;0;0,05758976936340332;0,04511284828186035;0,0019600391387939453;0;0;0;0,010171651840209961;is_in(a0)
100;150;30;23;0,04487466812133789;0,008822202682495117;0,020882129669189453;0;2;15;0,004863739013671875;Unstable
200;300;20;2;0,26797962188720703;0,0399928092956543;0,10759544372558594;0;0;49;0,007218837738037109;is_out(a0)
250;375;40;19;0,05895543098449707;0,04641151428222656;0,0020072460174560547;0;0;0;0,009702444076538086;is_in(a0)
200;300;10;20;0,49112534523010254;0,0404047966003418;0,10200715065002441;0;10;35;0,006421804428100586;Unstable
200;300;30;13;0,04940462112426758;0,038079261779785156;0,0019271373748779297;0;0;0;0,008823633193969727;is_in(a0)
150;225;20;3;0,032041311264038086;0,022330284118652344;0,0021851062774658203;0;0;0;0,005811214447021484;is_in(a0)
50;75;10;16;0,014282703399658203;0,005085468292236328;0,0024454593658447266;0;0;0;0,0027773380279541016;is_out(a0)
150;225;10;6;0,03583693504333496;0,025406360626220703;0,002126455307006836;0;0;0;0,005182027816772461;is_in(a0)
50;75;10;2;0,014782905578613281;0,005246162414550781;0,002582073211669922;0;0;0;0,0025687217712402344;is_out(a0)
250;375;30;21;4,578649282455444;0,05327272415161133;0,2465059757232666;0;10;95;0,010067224502563477;Unstable
100;150;40;15;7,6051952838897705;0,013468503952026367;0,1518101692199707;0;121;80;0,005506753921508789;Unstable
150;225;30;4;0,027205944061279297;0,01678299903869629;0,0020227432250976562;0;0;0;0,006506443023681641;is_in(a0)
150;225;30;15;0,03758597373962402;0,0249025821685791;0,003299713134765625;0;2;2;0,0069561004638671875;Unstable
200;300;20;8;1,88328218460083;0,04537010192871094;0,18040204048156738;0;10;66;0,007084846496582031;Unstable
200;300;20;21;0,03257250785827637;0,021236419677734375;0,002008676528930664;0;0;0;0,007288217544555664;is_in(a0)
200;300;40;16;;;;1;;114;0,009384870529174805;Unstable
250;375;10;12;0,6178743839263916;0,05616617202758789;0,14121651649475098;0;8;39;0,0070645809173583984;Unstable
50;75;10;8;0,014948606491088867;0,004988193511962891;0,0025191307067871094;0;0;0;0,002686023712158203;is_in(a0)
100;150;20;0;0,02576446533203125;0,01154017448425293;0,0053958892822265625;0;0;4;0,00468754768371582;is_in(a0)
150;225;20;2;0,03721308708190918;0,02678537368774414;0,002196788787841797;0;0;0;0,00606846809387207;is_in(a0)
100;150;30;4;3,3355491161346436;0,017372608184814453;0,11702919006347656;0;53;60;0,0055463314056396484;Unstable
150;225;30;21;0,03538346290588379;0,023268699645996094;0,002576112747192383;0;2;1;0,0070037841796875;Unstable
250;375;30;23;;;;1;;122;0,009721755981445312;Unstable
100;150;20;3;0,025928974151611328;0,009611368179321289;0,006696462631225586;0;2;5;0,007560014724731445;Unstable
200;300;10;9;0,3050062656402588;0,04128551483154297;0,1056821346282959;0;4;33;0,006191253662109375;Unstable
150;225;20;6;0,23308920860290527;0,028818845748901367;0,09965348243713379;0;0;44;0,005953073501586914;is_out(a0)
250;375;20;6;0,637800931930542;0,0636446475982666;0,24201464653015137;0;0;81;0,008435487747192383;is_out(a0)
150;225;30;6;0,03375053405761719;0,02182745933532715;0,0022165775299072266;0;0;0;0,0067059993743896484;is_in(a0)
50;75;20;10;0,015593290328979492;0,0050928592681884766;0,002346038818359375;0;0;0;0,003213167190551758;is_in(a0)
150;225;40;9;0,03184819221496582;0,019965410232543945;0,0020647048950195312;0;0;0;0,007824182510375977;is_in(a0)
250;375;10;13;0,25347328186035156;0,04825186729431152;0,10571503639221191;0;0;31;0,0074160099029541016;is_out(a0)
250;375;40;1;;;;1;;114;0,012958049774169922;Unstable
50;75;20;20;0,04453253746032715;0,0055179595947265625;0,025487184524536133;0;0;16;0,002895832061767578;is_out(a0)
250;375;40;18;;;;1;;162;0,01319742202758789;Unstable
250;375;10;5;0,25306153297424316;0,04493260383605957;0,11515021324157715;0;0;35;0,00680088996887207;is_in(a0)
250;375;30;3;0,058911800384521484;0,04563307762145996;0,0022509098052978516;0;0;0;0,010161876678466797;is_out(a0)
50;75;20;17;0,077301025390625;0,007481813430786133;0,03738570213317871;0;0;21;0,0034520626068115234;is_in(a0)
100;150;30;24;0,3183753490447998;0,015720605850219727;0,06687355041503906;0;34;35;0,005213022232055664;Unstable
200;300;30;7;0,045146942138671875;0,031717538833618164;0,002841472625732422;0;0;1;0,008742332458496094;is_in(a0)
50;75;10;20;0,03153204917907715;0,006201267242431641;0,013511896133422852;0;0;7;0,0055010318756103516;is_out(a0)
100;150;10;4;0,056549787521362305;0,012046098709106445;0,029308319091796875;0;0;10;0,003935337066650391;is_out(a0)
250;375;30;5;13,823851585388184;0,03859114646911621;0,25649523735046387;0;36;101;0,010585784912109375;Unstable
250;375;30;22;0,06658029556274414;0,0535123348236084;0,002079010009765625;0;0;0;0,009757280349731445;is_in(a0)
50;75;40;6;6,365216016769409;0,007253170013427734;0,04876875877380371;0;137;36;0,004039764404296875;Unstable
250;375;10;0;0,3159952163696289;0,06015968322753906;0,13486766815185547;0;0;39;0,007295131683349609;is_undec(a0)
250;375;20;9;1,1134941577911377;0,032784223556518555;0,13007211685180664;0;16;56;0,00919198989868164;Unstable
100;150;10;22;0,025469541549682617;0,014688968658447266;0,002443075180053711;0;0;0;0,004111289978027344;is_in(a0)
200;300;30;22;;;;1;;91;0,009436607360839844;Unstable
150;225;40;15;0,03947591781616211;0,01717543601989746;0,00874471664428711;0;26;9;0,008202791213989258;Unstable
50;75;10;10;0,024424314498901367;0,005613088607788086;0,00935816764831543;0;2;4;0,0026335716247558594;Unstable
250;375;40;3;8,881004810333252;0,03972220420837402;0,2223830223083496;0;37;100;0,011854887008666992;Unstable
250;375;20;22;0,06136822700500488;0,04780745506286621;0,0031871795654296875;0;4;2;0,008410930633544922;Unstable
100;150;30;6;0,6373658180236816;0,013884782791137695;0,081634521484375;0;48;44;0,005017518997192383;Unstable
50;75;20;7;0,05040240287780762;0,007270097732543945;0,027623891830444336;0;0;15;0,002883434295654297;is_out(a0)
100;150;20;16;1,016092300415039;0,01761603355407715;0,08200693130493164;0;48;39;0,005335092544555664;Unstable
50;75;10;6;0,014704227447509766;0,004446744918823242;0,0027735233306884766;0;0;0;0,0026769638061523438;is_undec(a0)
250;375;20;3;0,07563614845275879;0,06278061866760254;0,0022084712982177734;0;0;0;0,009496212005615234;is_in(a0)
100;150;30;22;0,2457876205444336;0,01586627960205078;0,08831286430358887;0;2;48;0,0054378509521484375;Unstable
100;150;20;23;0,02073526382446289;0,009312152862548828;0,002423524856567383;0;0;0;0,004784107208251953;is_in(a0)
100;150;40;13;0,06209373474121094;0,008958578109741211;0,02963566780090332;0;0;21;0,005511283874511719;is_in(a0)
100;150;20;10;0,021524429321289062;0,009570598602294922;0,0028617382049560547;0;0;1;0,004863739013671875;is_in(a0)
200;300;30;12;0,04722929000854492;0,0346066951751709;0,0021712779998779297;0;0;0;0,008600234985351562;is_in(a0)
50;75;40;7;0,37088632583618164;0,006144285202026367;0,05304765701293945;0;50;38;0,003871917724609375;Unstable
200;300;40;8;6,403503894805908;0,03823542594909668;0,23589468002319336;0;18;106;0,009746074676513672;Unstable
150;225;10;19;0,03277087211608887;0,023485660552978516;0,002622842788696289;0;0;0;0,0056345462799072266;is_in(a0)
50;75;20;21;0,03314781188964844;0,005491971969604492;0,01566791534423828;0;2;10;0,0033915042877197266;Unstable
250;375;10;18;0,05905580520629883;0,046512603759765625;0,0024445056915283203;0;0;0;0,007995843887329102;is_in(a0)
50;75;30;24;0,016627073287963867;0,005155324935913086;0,0025587081909179688;0;0;0;0,0033402442932128906;is_out(a0)
250;375;40;10;0,0799410343170166;0,06522846221923828;0,0020017623901367188;0;0;0;0,012946128845214844;is_in(a0)
150;225;40;16;0,03045821189880371;0,0167081356048584;0,002835988998413086;0;2;1;0,00844120979309082;Unstable
250;375;20;23;0,5193588733673096;0,04570150375366211;0,14215660095214844;0;4;55;0,009248733520507812;Unstable
100;150;30;9;0,3245704174041748;0,01407170295715332;0,09049010276794434;0;4;50;0,005376577377319336;Unstable
150;225;30;23;6,801069259643555;0,02591419219970703;0,14410042762756348;0;126;71;0,0071370601654052734;Unstable
150;225;10;3;0,20205473899841309;0,034143686294555664;0,09333181381225586;0;0;31;0,005459785461425781;is_out(a0)
50;75;10;9;0,04956698417663574;0,009151220321655273;0,027391433715820312;0;0;10;0,00342559814453125;is_out(a0)
250;375;40;8;1,6843669414520264;0,06495213508605957;0,48247647285461426;0;0;162;0,011898517608642578;is_out(a0)
150;225;40;8;0,03136444091796875;0,018736839294433594;0,002402067184448242;0;0;0;0,007647037506103516;is_in(a0)
150;225;40;10;0,03614234924316406;0,023566246032714844;0,002359628677368164;0;0;0;0,007475376129150391;is_out(a0)
100;150;10;5;0,024759531021118164;0,012424230575561523;0,004006624221801758;0;0;1;0,003624439239501953;is_in(a0)
100;150;30;3;0,3504617214202881;0,014859199523925781;0,07591080665588379;0;14;41;0,005312204360961914;Unstable
200;300;30;0;0,04043269157409668;0,02750539779663086;0,0021331310272216797;0;0;0;0,00871586799621582;is_in(a0)
50;75;40;9;0,1515967845916748;0,006308794021606445;0,03449392318725586;0;48;25;0,0038194656372070312;Unstable
200;300;40;10;;;;1;;141;0,009914636611938477;Unstable
50;75;40;12;0,07052898406982422;0,00516510009765625;0,02880859375;0;31;22;0,005964994430541992;Unstable
200;300;30;2;1,2607874870300293;0,03855562210083008;0,17409062385559082;0;6;78;0,009492158889770508;Unstable
200;300;30;10;0,052931785583496094;0,03999924659729004;0,002269268035888672;0;0;0;0,008736133575439453;is_in(a0)
200;300;10;7;0,04544544219970703;0,035782814025878906;0,002214193344116211;0;0;0;0,006499052047729492;is_in(a0)
50;75;40;18;0,07975101470947266;0,005379438400268555;0,02934408187866211;0;23;21;0,003732442855834961;Unstable
150;225;40;19;0,035780906677246094;0,0225985050201416;0,0022430419921875;0;0;0;0,007812976837158203;is_in(a0)
150;225;20;23;0,3333275318145752;0,0278933048248291;0,11626315116882324;0;2;48;0,006632566452026367;Unstable
250;375;10;1;0,457566499710083;0,08181023597717285;0,17811250686645508;0;0;47;0,0074498653411865234;is_out(a0)
100;150;30;21;0,019212961196899414;0,007827997207641602;0,002588987350463867;0;0;0;0,004957675933837891;is_in(a0)
200;300;10;4;0,25545835494995117;0,04262495040893555;0,1247398853302002;0;0;36;0,006634235382080078;is_out(a0)
50;75;10;22;0,04384112358093262;0,00851130485534668;0,021950483322143555;0;0;8;0,0026290416717529297;is_out(a0)
50;75;10;23;0,04310345649719238;0,00793313980102539;0,01980280876159668;0;2;9;0,0032842159271240234;Unstable
100;150;20;13;0,109527587890625;0,01475071907043457;0,06351423263549805;0;0;28;0,0047397613525390625;is_out(a0)
200;300;10;10;0,4240543842315674;0,042560577392578125;0,10860896110534668;0;8;34;0,0072784423828125;Unstable
250;375;10;10;0,3782367706298828;0,06123161315917969;0,136962890625;0;0;38;0,0071947574615478516;is_undec(a0)
100;150;10;1;0,02402353286743164;0,011193990707397461;0,003992319107055664;0;2;1;0,004150390625;Unstable
50;75;40;5;0,04416704177856445;0,006161928176879883;0,020043611526489258;0;9;13;0,0037605762481689453;Unstable
150;225;10;0;0,0347142219543457;0,021699905395507812;0,0026962757110595703;0;0;0;0,006261587142944336;is_in(a0)
250;375;30;15;12,10788893699646;0,06006288528442383;0,34243059158325195;0;17;117;0,01104426383972168;Unstable
200;300;10;3;0,3745262622833252;0,05227923393249512;0,14376163482666016;0;2;36;0,007208108901977539;Unstable
250;375;40;24;22,607136487960815;0,05800271034240723;0,445697546005249;0;30;150;0,01265716552734375;Unstable
100;150;40;18;0,021815776824951172;0,00930023193359375;0,0023784637451171875;0;0;0;0,006033182144165039;is_out(a0)
200;300;40;12;1,0072922706604004;0,048982858657836914;0,3299407958984375;0;0;133;0,010725975036621094;is_out(a0)
200;300;40;17;;;;1;;141;0,010042667388916016;Unstable
200;300;30;14;1,9776842594146729;0,04113268852233887;0,22752070426940918;0;10;88;0,009307861328125;Unstable
100;150;20;11;0,22104501724243164;0,014059066772460938;0,08096885681152344;0;8;36;0,005025148391723633;Unstable
250;375;40;16;;;;1;;115;0,011605501174926758;Unstable
150;225;40;20;0,03464531898498535;0,02101731300354004;0,002517223358154297;0;0;0;0,007713794708251953;is_out(a0)
100;150;30;1;0,4755666255950928;0,014504432678222656;0,06835103034973145;0;46;38;0,005903959274291992;Unstable
100;150;40;6;0,02301335334777832;0,010254144668579102;0,0026705265045166016;0;0;0;0,005871295928955078;is_in(a0)
50;75;20;23;0,048894405364990234;0,007260560989379883;0,026070833206176758;0;0;13;0,003622770309448242;is_out(a0)
150;225;30;13;0,043894290924072266;0,02898859977722168;0,0032546520233154297;0;0;2;0,008026838302612305;is_out(a0)
100;150;10;20;0,020409345626831055;0,00876164436340332;0,0026700496673583984;0;0;0;0,00420069694519043;is_in(a0)
250;375;40;23;0,05379486083984375;0,03881573677062988;0,0021779537200927734;0;0;0;0,011771440505981445;is_out(a0)
50;75;20;1;0,058858394622802734;0,006902933120727539;0,035024404525756836;0;0;18;0,0033516883850097656;is_out(a0)
150;225;30;3;0,28345608711242676;0,027610301971435547;0,1319270133972168;0;0;65;0,007991313934326172;is_out(a0)
200;300;10;2;0,5323710441589355;0,04272127151489258;0,11107277870178223;0;25;35;0,006766319274902344;Unstable
150;225;20;5;0,2592487335205078;0,028689146041870117;0,1250293254852295;0;0;48;0,006165266036987305;is_out(a0)
50;75;20;14;0,01909041404724121;0,00518488883972168;0,004750967025756836;0;6;3;0,0034027099609375;Unstable
150;225;20;10;0,04274868965148926;0,03103470802307129;0,002407073974609375;0;0;0;0,006369829177856445;is_in(a0)
100;150;40;2;;;;1;;66;0,006755352020263672;Unstable
250;375;20;12;1,6885671615600586;0,05896592140197754;0,2601280212402344;0;2;83;0,009865999221801758;Unstable
250;375;20;16;11,541869878768921;0,06882119178771973;0,30853962898254395;0;52;93;0,009546279907226562;Unstable
100;150;30;12;12,186237096786499;0,01730513572692871;0,11275815963745117;0;164;56;0,005763053894042969;Unstable
50;75;10;11;0,018093109130859375;0,006864786148071289;0,002804279327392578;0;0;0;0,004026889801025391;is_out(a0)
100;150;20;18;0,1175389289855957;0,013766288757324219;0,05367255210876465;0;2;22;0,005219936370849609;Unstable
200;300;40;0;0,051233530044555664;0,034567832946777344;0,003852367401123047;0;4;3;0,011027097702026367;Unstable
250;375;40;21;;;;1;;156;0,012339591979980469;Unstable
50;75;30;1;0,017642498016357422;0,005218029022216797;0,002954721450805664;0;0;0;0,0036890506744384766;is_in(a0)
100;150;20;22;0,027913570404052734;0,015584945678710938;0,002656698226928711;0;0;0;0,005463123321533203;is_in(a0)
200;300;20;9;2,892261028289795;0,03873920440673828;0,13409757614135742;0;52;51;0,008321523666381836;Unstable
50;75;40;13;0,23323345184326172;0,006824493408203125;0,04451918601989746;0;60;28;0,004036426544189453;Unstable
100;150;20;7;0,22703170776367188;0,017070293426513672;0,0784914493560791;0;6;32;0,005276679992675781;Unstable
200;300;40;4;0,740222692489624;0,037764549255371094;0,2829399108886719;0;0;118;0,00969243049621582;is_out(a0)
100;150;10;6;0,025591611862182617;0,013797760009765625;0,0028061866760253906;0;0;0;0,004126787185668945;is_in(a0)
200;300;40;1;;;;1;;90;0,010688543319702148;Unstable
50;75;20;18;0,022026777267456055;0,00510859489440918;0,00724029541015625;0;0;4;0,003274202346801758;is_in(a0)
150;225;30;18;0,11770510673522949;0,014998197555541992;0,06563305854797363;0;0;32;0,010844945907592773;is_out(a0)
250;375;30;20;0,06313157081604004;0,04765629768371582;0,002299785614013672;0;0;0;0,011269092559814453;is_in(a0)
100;150;10;21;0,024673938751220703;0,012173652648925781;0,002852201461791992;0;0;0;0,00478672981262207;is_in(a0)
150;225;30;24;0,041519880294799805;0,026902198791503906;0,003191709518432617;0;0;0;0,007788658142089844;is_in(a0)
200;300;20;1;0,4657249450683594;0,03928828239440918;0,16745781898498535;0;0;60;0,008248329162597656;is_in(a0)
50;75;30;22;0,018503427505493164;0,006220579147338867;0,002681255340576172;0;0;0;0,0040225982666015625;is_out(a0)
50;75;10;7;0,015872955322265625;0,004598140716552734;0,002892732620239258;0;0;0;0,0031909942626953125;is_in(a0)
200;300;30;21;0,055753231048583984;0,04083514213562012;0,0022766590118408203;0;0;0;0,011375904083251953;is_in(a0)
50;75;10;19;0,037313222885131836;0,006730794906616211;0,017830371856689453;0;6;6;0,002997875213623047;Unstable
100;150;40;17;0,27628278732299805;0,01641535758972168;0,15071821212768555;0;0;70;0,008306503295898438;is_out(a0)
100;150;10;14;0,024066686630249023;0,011822700500488281;0,0027251243591308594;0;0;0;0,004394054412841797;is_undec(a0)
100;150;30;19;0,029535531997680664;0,015498876571655273;0,003057718276977539;0;0;0;0,0057256221771240234;is_in(a0)
200;300;30;3;0,6625862121582031;0,039192914962768555;0,26024317741394043;0;0;97;0,00983428955078125;is_out(a0)
200;300;10;16;0,14062094688415527;0,03645515441894531;0,06328988075256348;0;0;19;0,006829023361206055;is_out(a0)
50;75;20;0;0,05028176307678223;0,006929874420166016;0,0272216796875;0;2;14;0,0030672550201416016;Unstable
250;375;30;24;;;;1;;132;0,01387333869934082;Unstable
50;75;30;20;0,056008100509643555;0,0064771175384521484;0,022208452224731445;0;20;14;0,00389862060546875;Unstable
250;375;10;21;0,49873948097229004;0,06245875358581543;0,12173128128051758;0;10;30;0,009635210037231445;Unstable
200;300;40;2;1,5060853958129883;0,0425724983215332;0,28238868713378906;0;0;113;0,009763002395629883;is_in(a0)
250;375;30;4;0,08273625373840332;0,06776952743530273;0,0024445056915283203;0;0;0;0,011411666870117188;is_in(a0)
250;375;30;14;;;;1;;123;0,010933876037597656;Unstable
50;75;30;2;0,019226551055908203;0,006494998931884766;0,002965211868286133;0;0;0;0,00394439697265625;is_in(a0)
150;225;30;9;0,05401158332824707;0,0386202335357666;0,0032999515533447266;0;0;0;0,008208751678466797;is_in(a0)
50;75;40;23;0,0175020694732666;0,004255056381225586;0,0037403106689453125;0;2;1;0,003838062286376953;Unstable
150;225;20;14;0,04643392562866211;0,03538203239440918;0,002966165542602539;0;0;0;0,007150173187255859;is_out(a0)
200;300;20;12;0,047910451889038086;0,03394913673400879;0,0031769275665283203;0;0;1;0,007731199264526367;is_out(a0)
100;150;10;16;0,02601313591003418;0,014234304428100586;0,0025606155395507812;0;0;0;0,0044176578521728516;is_in(a0)
50;75;20;13;0,025998592376708984;0,005275726318359375;0,009708404541015625;0;10;5;0,0034759044647216797;Unstable
200;300;10;1;0,2759087085723877;0,05238938331604004;0,12958550453186035;0;0;35;0,00803375244140625;is_out(a0)
250;375;40;22;0,06726646423339844;0,05084347724914551;0,002281665802001953;0;0;0;0,012135744094848633;is_in(a0)
200;300;30;8;1,754349946975708;0,047255754470825195;0,6677005290985107;0;0;94;0,009415864944458008;is_in(a0)
150;225;20;20;0,7975795269012451;0,02785968780517578;0,5445783138275146;0;0;50;0,00660252571105957;is_out(a0)
100;150;40;12;;;;1;;84;0,006827354431152344;Unstable
250;375;30;13;35,39848780632019;0,05380654335021973;0,7099878787994385;0;106;110;0,011879682540893555;Unstable
100;150;20;19;0,1916179656982422;0,013708353042602539;0,07290005683898926;0;8;31;0,004990339279174805;Unstable
100;150;30;17;0,027446269989013672;0,013927459716796875;0,0027751922607421875;0;0;0;0,00542759895324707;is_in(a0)
50;75;30;23;0,0512845516204834;0,005448102951049805;0,029186248779296875;0;0;18;0,0037093162536621094;is_out(a0)
150;225;40;22;0,03852987289428711;0,023268938064575195;0,002760648727416992;0;0;0;0,009231328964233398;is_undec(a0)
200;300;10;17;0,27687811851501465;0,0410313606262207;0,14346861839294434;0;0;34;0,0071756839752197266;is_out(a0)
50;75;30;9;0,1644425392150879;0,007704496383666992;0,055567264556884766;0;32;29;0,0037789344787597656;Unstable
100;150;40;4;0,027257680892944336;0,012760400772094727;0,003500223159790039;0;2;1;0,0063931941986083984;Unstable
200;300;30;24;0,5041923522949219;0,02084040641784668;0,1108090877532959;0;20;47;0,009409666061401367;Unstable
50;75;20;2;0,019243717193603516;0,006512165069580078;0,002792835235595703;0;0;0;0,0034623146057128906;is_in(a0)
150;225;10;2;0,1747114658355713;0,02378058433532715;0,09494614601135254;0;2;23;0,005670309066772461;Unstable
100;150;20;14;0,10522937774658203;0,013248443603515625;0,061686038970947266;0;0;28;0,005318403244018555;is_out(a0)
150;225;40;5;7,210280418395996;0,02565288543701172;0,17011475563049316;0;85;77;0,008233070373535156;Unstable
150;225;30;11;0,0379638671875;0,023859024047851562;0,002453327178955078;0;0;0;0,007395505905151367;is_in(a0)
200;300;40;9;17,968552827835083;0,041387319564819336;0,33562421798706055;0;38;118;0,010076045989990234;Unstable
50;75;40;16;0,08243966102600098;0,006768703460693359;0,04853200912475586;0;0;31;0,006762981414794922;is_out(a0)
150;225;10;4;0,028454303741455078;0,014805078506469727;0,0026068687438964844;0;0;0;0,0059435367584228516;is_in(a0)
50;75;30;21;0,08927774429321289;0,005205869674682617;0,03435349464416504;0;28;21;0,003767251968383789;Unstable
200;300;10;21;0,053110361099243164;0,04225873947143555;0,002485513687133789;0;0;0;0,007245540618896484;is_in(a0)
150;225;40;3;;;;1;;97;0,008787155151367188;Unstable
50;75;30;5;0,22306561470031738;0,008212566375732422;0,05971574783325195;0;19;29;0,0037882328033447266;Unstable
200;300;10;14;0,0503385066986084;0,03842639923095703;0,003111124038696289;0;0;1;0,007860660552978516;is_out(a0)
150;225;10;24;0,041475772857666016;0,028397798538208008;0,002583742141723633;0;0;0;0,005387067794799805;is_out(a0)
200;300;20;22;0,4051339626312256;0,0393528938293457;0,20937132835388184;0;0;58;0,008603096008300781;is_out(a0)
150;225;40;7;12,215286254882812;0,0235443115234375;0,20964479446411133;0;117;87;0,008208274841308594;Unstable
150;225;20;11;6,14382529258728;0,03033590316772461;0,17883825302124023;0;119;55;0,007349967956542969;Unstable
150;225;10;18;0,03503060340881348;0,020563840866088867;0,0036470890045166016;0;0;1;0,0058231353759765625;is_in(a0)
150;225;20;15;0,23854923248291016;0,026204824447631836;0,11916112899780273;0;0;41;0,007273435592651367;is_in(a0)
250;375;40;17;0,05719590187072754;0,04052400588989258;0,0022754669189453125;0;0;0;0,011864662170410156;is_in(a0)
150;225;30;12;0,9804103374481201;0,027737855911254883;0,1451723575592041;0;29;52;0,007555484771728516;Unstable
100;150;30;16;0,20064449310302734;0,016839265823364258;0,11128568649291992;0;0;47;0,005797624588012695;is_in(a0)
250;375;40;9;;;;1;;141;0,012925386428833008;Unstable
150;225;30;0;0,29778051376342773;0,024346113204956055;0,1571824550628662;0;0;58;0,007457733154296875;is_out(a0)
50;75;30;13;0,017615318298339844;0,00710296630859375;0,002906322479248047;0;0;0;0,004061222076416016;is_out(a0)
100;150;10;18;0,025751829147338867;0,011026620864868164;0,004664897918701172;0;0;1;0,004292964935302734;is_out(a0)
200;300;20;10;0,4230966567993164;0,04734325408935547;0,2063453197479248;0;0;62;0,00779271125793457;is_out(a0)
150;225;40;23;0,0407717227935791;0,024672985076904297;0,0037767887115478516;0;0;3;0,008592367172241211;is_out(a0)
200;300;30;17;0,06075477600097656;0,04293012619018555;0,004945993423461914;0;2;2;0,009778261184692383;Unstable
200;300;10;12;0,05096173286437988;0,03902697563171387;0,0032129287719726562;0;2;1;0,007356405258178711;Unstable
100;150;10;7;0,024881362915039062;0,011915445327758789;0,0027561187744140625;0;0;0;0,004330158233642578;is_in(a0)
50;75;20;4;0,05240345001220703;0,006741046905517578;0,0282440185546875;0;0;13;0,0033588409423828125;is_out(a0)
200;300;30;1;;;;1;;91;0,010157108306884766;Unstable
100;150;20;20;0,026070833206176758;0,01186990737915039;0,0032629966735839844;0;2;1;0,005025386810302734;Unstable
250;375;20;17;0,07404160499572754;0,05201148986816406;0,007725715637207031;0;0;5;0,010280132293701172;is_in(a0)
150;225;30;19;0,04554390907287598;0,023404359817504883;0,009477853775024414;0;0;8;0,007792234420776367;is_in(a0)
250;375;10;16;0,28835439682006836;0,05779242515563965;0,149705171585083;0;0;33;0,008106470108032227;is_out(a0)
200;300;20;23;0,05883026123046875;0,044768333435058594;0,0026259422302246094;0;0;0;0,007344245910644531;is_in(a0)
150;225;20;18;0,03650331497192383;0,022819042205810547;0,002612590789794922;0;0;0;0,006724119186401367;is_in(a0)
100;150;40;16;0,024862289428710938;0,011205434799194336;0,0027294158935546875;0;0;0;0,006422281265258789;is_out(a0)
200;300;40;19;0,9936187267303467;0,0329592227935791;0,25229620933532715;0;2;95;0,011033296585083008;Unstable
50;75;10;13;0,01937556266784668;0,006806135177612305;0,002672433853149414;0;0;0;0,003315448760986328;is_in(a0)
50;75;20;22;0,016607046127319336;0,004536867141723633;0,0028874874114990234;0;0;0;0,0036203861236572266;is_in(a0)
50;75;40;2;0,07622742652893066;0,006119489669799805;0,026644229888916016;0;39;18;0,00503849983215332;Unstable
50;75;20;8;0,01742839813232422;0,005339860916137695;0,002889394760131836;0;0;0;0,003046274185180664;is_in(a0)
150;225;10;21;0,0373232364654541;0,023852109909057617;0,002727508544921875;0;0;0;0,005612373352050781;is_out(a0)
50;75;40;10;1,5711777210235596;0,007033109664916992;0,06680750846862793;0;116;38;0,004008054733276367;Unstable
150;225;20;7;0,04744553565979004;0,014429330825805664;0,01817607879638672;0;0;9;0,007039546966552734;is_out(a0)
150;225;20;19;0,34010839462280273;0,03727006912231445;0,17825746536254883;0;0;53;0,0066411495208740234;is_in(a0)
100;150;10;11;0,10507082939147949;0,01563119888305664;0,050477027893066406;0;7;16;0,004534006118774414;Unstable
50;75;40;19;0,9168815612792969;0,0058672428131103516;0,056900978088378906;0;113;34;0,00445866584777832;Unstable
100;150;20;17;0,023103713989257812;0,009458541870117188;0,002817392349243164;0;0;0;0,005208015441894531;is_out(a0)
200;300;20;5;1,9484689235687256;0,04613804817199707;0,21618008613586426;0;15;66;0,008745908737182617;Unstable
100;150;20;1;0,15274357795715332;0,016424179077148438;0,0842442512512207;0;0;31;0,004775524139404297;is_out(a0)
250;375;10;15;0,29724740982055664;0,05694293975830078;0,14959359169006348;0;0;32;0,008398294448852539;is_out(a0)
200;300;10;0;0,451488733291626;0,0465092658996582;0,13143396377563477;0;13;31;0,007215261459350586;Unstable
150;225;40;14;1,4107236862182617;0,025429248809814453;0,21020984649658203;0;4;85;0,00814366340637207;Unstable
200;300;40;6;;;;1;;113;0,010508537292480469;Unstable
50;75;20;9;0,020964860916137695;0,005812644958496094;0,004492998123168945;0;2;2;0,003963470458984375;Unstable
250;375;10;8;0,08347225189208984;0,06613683700561523;0,004238605499267578;0;2;2;0,010268449783325195;Unstable
50;75;40;22;0,19746994972229004;0,008416414260864258;0,07257437705993652;0;8;39;0,004126548767089844;Unstable
250;375;10;9;0,0722665786743164;0,06136775016784668;0,0026307106018066406;0;0;0;0,00832986831665039;is_out(a0)
200;300;10;8;0,36257147789001465;0,06116485595703125;0,1849663257598877;0;0;38;0,006749868392944336;is_out(a0)
100;150;40;1;0,027709007263183594;0,013674736022949219;0,0026702880859375;0;0;0;0,005604267120361328;is_in(a0)
100;150;20;2;0,03261423110961914;0,011831283569335938;0,009530067443847656;0;0;5;0,005228757858276367;is_out(a0)
150;225;40;2;1,83705472946167;0,024718761444091797;0,18515968322753906;0;16;76;0,008770942687988281;Unstable
100;150;30;2;2,014827251434326;0,012093305587768555;0,13187336921691895;0;73;54;0,006051301956176758;Unstable
250;375;10;2;0,4370768070220947;0,07814717292785645;0,20360136032104492;0;0;43;0,008626461029052734;is_in(a0)
200;300;40;5;;;;1;;131;0,010513544082641602;Unstable
50;75;20;24;0,04572606086730957;0,006410837173461914;0,0229034423828125;0;0;13;0,0032091140747070312;is_in(a0)
100;150;10;23;0,023474693298339844;0,010727167129516602;0,0026094913482666016;0;0;0;0,0044782161712646484;is_in(a0)
150;225;40;0;0,05153322219848633;0,03708767890930176;0,002496480941772461;0;0;0;0,010396003723144531;is_in(a0)
100;150;40;11;0,24356794357299805;0,012844324111938477;0,13742446899414062;0;0;63;0,006422758102416992;is_in(a0)
100;150;20;8;0,18152451515197754;0,019497394561767578;0,10577964782714844;0;0;37;0,005502462387084961;is_out(a0)
150;225;20;8;0,38313770294189453;0,027675867080688477;0,13261747360229492;0;4;43;0,006759166717529297;Unstable
200;300;40;11;0,05659675598144531;0,039064884185791016;0,0032684803009033203;0;4;2;0,010894060134887695;Unstable
200;300;40;13;2,094254493713379;0,030466318130493164;0,21832728385925293;0;20;88;0,010602235794067383;Unstable
250;375;10;3;0,39481353759765625;0,06602168083190918;0,1883869171142578;0;0;41;0,008922100067138672;is_undec(a0)
50;75;40;21;0,44374990463256836;0,007917165756225586;0,07115626335144043;0;45;38;0,003969669342041016;Unstable
100;150;10;8;0,16505694389343262;0,016213178634643555;0,07459068298339844;0;10;23;0,004702329635620117;Unstable
250;375;10;20;0,07246756553649902;0,0582270622253418;0,0027303695678710938;0;0;0;0,008621931076049805;is_in(a0)
150;225;20;16;3,0462753772735596;0,025799989700317383;0,16801023483276367;0;51;53;0,007211923599243164;Unstable
100;150;30;20;0,15801215171813965;0,013779640197753906;0,08987259864807129;0;0;42;0,006266355514526367;is_out(a0)
250;375;30;0;0,9089200496673584;0,0659935474395752;0,34653544425964355;0;0;106;0,011434555053710938;is_in(a0)
200;300;20;13;0,05476856231689453;0,038244009017944336;0,0038046836853027344;0;2;1;0,008916616439819336;Unstable
250;375;20;2;1,1234703063964844;0,06302905082702637;0,214768648147583;0;8;61;0,010462522506713867;Unstable
150;225;40;12;;;;1;;76;0,008104324340820312;Unstable
150;225;20;13;5,893875598907471;0,03129148483276367;0,171400785446167;0;85;52;0,007041454315185547;Unstable
250;375;20;14;14,960013151168823;0,07263493537902832;0,28923892974853516;0;67;74;0,011075735092163086;Unstable
100;150;20;9;0,025546789169311523;0,011404037475585938;0,002864360809326172;0;0;0;0,005587100982666016;is_in(a0)
50;75;30;14;0,05423140525817871;0,0053958892822265625;0,03091740608215332;0;0;15;0,0033750534057617188;is_in(a0)
200;300;10;23;0,27544593811035156;0,048012495040893555;0,11431145668029785;0;4;27;0,007494926452636719;Unstable
100;150;10;19;0,026748180389404297;0,012508153915405273;0,003733396530151367;0;0;1;0,004696846008300781;is_out(a0)
250;375;40;11;;;;1;;172;0,014972448348999023;Unstable
50;75;40;4;0,02379465103149414;0,005774497985839844;0,007241249084472656;0;10;5;0,004004955291748047;Unstable
250;375;20;15;1,797034502029419;0,07475519180297852;0,33235740661621094;0;0;87;0,011398792266845703;is_undec(a0)
150;225;10;17;0,17736124992370605;0,032605648040771484;0,09179019927978516;0;0;22;0,005360126495361328;is_out(a0)
250;375;40;5;;;;1;;135;0,013344287872314453;Unstable
250;375;30;6;0,05978655815124512;0,04241585731506348;0,0024225711822509766;0;0;0;0,012157201766967773;is_out(a0)
200;300;30;16;0,6079227924346924;0,042591094970703125;0,27353668212890625;0;0;91;0,009825706481933594;is_out(a0)
50;75;30;10;0,018197298049926758;0,004730224609375;0,0028791427612304688;0;0;0;0,0035674571990966797;is_in(a0)
250;375;10;11;0,08240270614624023;0,06589174270629883;0,0048677921295166016;0;0;2;0,009315013885498047;is_in(a0)
100;150;30;13;0,02888774871826172;0,01504373550415039;0,0027549266815185547;0;0;0;0,005506038665771484;is_in(a0)
200;300;20;18;0,6983129978179932;0,04954695701599121;0,24239373207092285;0;0;71;0,008613824844360352;is_out(a0)
150;225;20;1;0,027469873428344727;0,014240264892578125;0,0025534629821777344;0;0;0;0,0075893402099609375;is_in(a0)
150;225;10;1;0,16208148002624512;0,0282132625579834;0,08900332450866699;0;0;22;0,006157636642456055;is_out(a0)
50;75;40;11;1,2140247821807861;0,007211923599243164;0,0621037483215332;0;87;33;0,004695892333984375;Unstable
100;150;30;5;0,43662023544311523;0,013872861862182617;0,11365103721618652;0;12;47;0,005945682525634766;Unstable
200;300;30;9;;;;1;;99;0,010666608810424805;Unstable
150;225;20;4;0,037461042404174805;0,02203536033630371;0,00404810905456543;0;0;1;0,006729841232299805;is_out(a0)
250;375;30;1;0,060347795486450195;0,043335914611816406;0,0036940574645996094;0;4;2;0,011605501174926758;Unstable
250;375;30;18;1,0798566341400146;0,06508350372314453;0,3905055522918701;0;0;117;0,012064695358276367;is_out(a0)
50;75;20;19;0,019560813903808594;0,006488323211669922;0,0028710365295410156;0;0;0;0,003468036651611328;is_undec(a0)
50;75;40;20;0,02008056640625;0,00574040412902832;0,003828763961791992;0;2;1;0,004346370697021484;Unstable
250;375;20;4;0,5216820240020752;0,05464315414428711;0,23584794998168945;0;0;73;0,010435819625854492;is_out(a0)
100;150;20;12;0,025730133056640625;0,011614799499511719;0,0029096603393554688;0;0;0;0,005706310272216797;is_out(a0)
100;150;40;0;0,23712611198425293;0,011702537536621094;0,059021711349487305;0;41;32;0,007142066955566406;Unstable
150;225;10;14;0,03576087951660156;0,02221965789794922;0,002729177474975586;0;0;0;0,005564451217651367;is_out(a0)
250;375;40;6;0,06878447532653809;0,05600786209106445;0,0035507678985595703;0;0;0;0,013615846633911133;is_in(a0)
150;225;40;11;;;;1;;76;0,00927281379699707;Unstable
50;75;10;12;0,019736528396606445;0,006735324859619141;0,0028848648071289062;0;0;0;0,0029647350311279297;is_out(a0)
250;375;40;12;;;;1;;150;0,013329029083251953;Unstable
50;75;20;15;0,01973438262939453;0,005782365798950195;0,003176450729370117;0;0;0;0,0036821365356445312;is_in(a0)
50;75;10;0;0,05666637420654297;0,008052825927734375;0,028757572174072266;0;0;10;0,0045773983001708984;is_out(a0)
250;375;20;0;0,06116342544555664;0,04537653923034668;0,002663850784301758;0;0;0;0,010210990905761719;is_out(a0)
150;225;30;20;0,042221784591674805;0,02107405662536621;0,0070879459381103516;0;2;4;0,009051799774169922;Unstable
50;75;30;7;0,021102428436279297;0,006033420562744141;0,0035295486450195312;0;0;0;0,004035472869873047;is_in(a0)
50;75;30;18;0,02065420150756836;0,005942106246948242;0,0043487548828125;0;4;2;0,00402522087097168;Unstable
200;300;40;3;0,5740528106689453;0,03750729560852051;0,2573249340057373;0;0;101;0,011602163314819336;is_out(a0)
150;225;40;6;0,03922390937805176;0,023195981979370117;0,0026073455810546875;0;0;0;0,008939743041992188;is_in(a0)
150;225;10;12;0,18143987655639648;0,032415151596069336;0,09586834907531738;0;0;24;0,005980730056762695;is_out(a0)
250;375;20;13;0,0662539005279541;0,04957413673400879;0,0023970603942871094;0;0;0;0,011150598526000977;is_in(a0)
250;375;10;4;0,3599519729614258;0,06954145431518555;0,17201447486877441;0;0;37;0,008258581161499023;is_out(a0)
200;300;20;24;0,06144237518310547;0,04655051231384277;0,0024862289428710938;0;0;0;0,008725643157958984;is_in(a0)
200;300;20;7;0,542050838470459;0,05472445487976074;0,2510092258453369;0;0;66;0,008743524551391602;is_out(a0)
50;75;20;11;0,019323110580444336;0,005344390869140625;0,0030198097229003906;0;0;0;0,003657817840576172;is_out(a0)
200;300;30;4;0,26563549041748047;0,018467426300048828;0,15953397750854492;0;0;60;0,009690523147583008;is_out(a0)
100;150;40;20;0,028506040573120117;0,011661291122436523;0,00435638427734375;0;2;2;0,006859540939331055;Unstable
50;75;10;21;0,03510022163391113;0,007059335708618164;0,01505732536315918;0;0;5;0,0028569698333740234;is_in(a0)
200;300;10;11;0,06085610389709473;0,04855823516845703;0,003925800323486328;0;0;1;0,007784128189086914;is_out(a0)
50;75;40;24;0,3670196533203125;0,009141206741333008;0,04889273643493652;0;55;28;0,004475116729736328;Unstable
150;225;10;8;0,12365412712097168;0,023531198501586914;0,06337237358093262;0;2;17;0,005811452865600586;Unstable
100;150;40;21;0,02635645866394043;0,011512994766235352;0,0026619434356689453;0;0;0;0,006643056869506836;is_in(a0)
150;225;10;13;0,03504037857055664;0,018633127212524414;0,0051670074462890625;0;0;3;0,005455970764160156;is_out(a0)
150;225;10;23;0,1288619041442871;0,02552342414855957;0,07063627243041992;0;0;18;0,0055162906646728516;is_in(a0)
200;300;20;14;0,41417860984802246;0,04373621940612793;0,21172428131103516;0;0;62;0,008200645446777344;is_out(a0)
50;75;10;1;0,020946979522705078;0,0074443817138671875;0,002958059310913086;0;0;0;0,0033304691314697266;is_out(a0)
50;75;10;24;0,04762864112854004;0,00787496566772461;0,022116422653198242;0;0;6;0,004584789276123047;is_undec(a0)
150;225;20;9;0,04937028884887695;0,029079198837280273;0,007158994674682617;0;4;3;0,012024402618408203;Unstable
200;300;30;23;0,47185778617858887;0,03725576400756836;0,23006367683410645;0;0;80;0,00949549674987793;is_in(a0)
50;75;30;17;0,03203296661376953;0,007133007049560547;0,013408184051513672;0;0;7;0,0032842159271240234;is_out(a0)
100;150;20;15;0,6919374465942383;0,02122354507446289;0,11040544509887695;0;38;36;0,005543708801269531;Unstable
250;375;10;22;0,0638887882232666;0,04898571968078613;0,0028994083404541016;0;0;0;0,008809804916381836;is_in(a0)
100;150;10;12;0,12285733222961426;0,016079187393188477;0,07449078559875488;0;0;22;0,0042247772216796875;is_out(a0)
200;300;40;18;;;;1;;137;0,010943412780761719;Unstable
150;225;10;16;0,04485058784484863;0,033683061599731445;0,0029854774475097656;0;0;0;0,0075626373291015625;is_out(a0)
100;150;40;7;0,029407978057861328;0,013886451721191406;0,0033524036407470703;0;2;1;0,006512165069580078;Unstable
50;75;40;3;0,0178377628326416;0,006047964096069336;0,0032546520233154297;0;0;0;0,004185914993286133;is_out(a0)
250;375;20;5;0,0830237865447998;0,0645608901977539;0,004495382308959961;0;2;1;0,01131892204284668;Unstable
250;375;10;23;0,25490880012512207;0,04487419128417969;0,0966498851776123;0;12;22;0,008717536926269531;Unstable
150;225;10;7;0,04214048385620117;0,027446508407592773;0,0041027069091796875;0;0;1;0,005495548248291016;is_out(a0)
100;150;10;0;0,059000492095947266;0,013747930526733398;0,026960134506225586;0;0;8;0,0044536590576171875;is_out(a0)
250;375;20;7;0,07106471061706543;0,05564546585083008;0,002434253692626953;0;0;0;0,010254621505737305;is_in(a0)
100;150;10;3;0,022925853729248047;0,008884668350219727;0,0028924942016601562;0;0;0;0,004373311996459961;is_in(a0)
100;150;10;2;0,0294649600982666;0,014927864074707031;0,003949165344238281;0;0;1;0,004975557327270508;is_in(a0)
50;75;30;4;0,02088451385498047;0,005803108215332031;0,003809213638305664;0;0;1;0,003708362579345703;is_out(a0)
200;300;20;4;18,536937475204468;0,044260263442993164;0,18465781211853027;0;84;54;0,01000833511352539;Unstable
100;150;40;24;0,5398619174957275;0,015564918518066406;0,13516616821289062;0;8;58;0,007245302200317383;Unstable
250;375;30;8;;;;1;;101;0,012098550796508789;Unstable
100;150;30;14;0,18121099472045898;0,01321268081665039;0,0994882583618164;0;0;42;0,005741119384765625;is_in(a0)
150;225;30;2;9,163321733474731;0,032666921615600586;0,21612024307250977;0;67;78;0,008346319198608398;Unstable
50;75;10;15;0,030509471893310547;0,005807638168334961;0,013272285461425781;0;0;6;0,0026645660400390625;is_out(a0)
250;375;20;10;1,7103424072265625;0,07376265525817871;0,3223075866699219;0;4;83;0,010265827178955078;Unstable
150;225;40;24;3,202814817428589;0,0215303897857666;0,17576932907104492;0;57;72;0,008518218994140625;Unstable
200;300;40;7;;;;1;;113;0,011390447616577148;Unstable
200;300;20;17;0,055352210998535156;0,037946224212646484;0,004175424575805664;0;4;2;0,009006023406982422;Unstable
50;75;30;16;0,019473552703857422;0,005106687545776367;0,0037136077880859375;0;2;1;0,004103899002075195;Unstable
150;225;30;7;0,03800654411315918;0,0229489803314209;0,002803325653076172;0;0;0;0,008280754089355469;is_in(a0)
50;75;10;3;0,021089553833007812;0,0075054168701171875;0,0027964115142822266;0;0;0;0,0032851696014404297;is_in(a0)
250;375;30;17;0,07090544700622559;0,058524370193481445;0,0024437904357910156;0;0;0;0,012331724166870117;is_in(a0)
50;75;40;8;0,02001214027404785;0,004745006561279297;0,004113435745239258;0;0;1;0,003450632095336914;is_out(a0)
100;150;30;15;6,176132678985596;0,019420862197875977;0,16462159156799316;0;118;61;0,005868434906005859;Unstable
200;300;40;23;0,0595245361328125;0,041712284088134766;0,002592802047729492;0;0;0;0,01112055778503418;is_in(a0)
150;225;20;24;0,04639720916748047;0,031995296478271484;0,0027022361755371094;0;0;0;0,00742340087890625;is_in(a0)
150;225;10;9;0,18511962890625;0,03211545944213867;0,09712862968444824;0;0;24;0,005733966827392578;is_out(a0)
200;300;10;24;0,04804396629333496;0,03275299072265625;0,002648591995239258;0;0;0;0,007459878921508789;is_in(a0)
250;375;30;2;0,05977582931518555;0,04236006736755371;0,0026369094848632812;0;0;0;0,012364625930786133;is_in(a0)
250;375;10;19;0,284151554107666;0,05375027656555176;0,15005731582641602;0;0;35;0,008314132690429688;is_out(a0)
100;150;40;10;0,29746150970458984;0,012607097625732422;0,14350271224975586;0;4;64;0,006381511688232422;Unstable
100;150;40;23;0,0294036865234375;0,014681339263916016;0,002567291259765625;0;0;0;0,006600618362426758;is_in(a0)
200;300;10;6;0,2591686248779297;0,039186954498291016;0,1074833869934082;0;17;24;0,007720947265625;Unstable
150;225;10;5;0,03619718551635742;0,022490262985229492;0,002727508544921875;0;0;0;0,005803346633911133;is_out(a0)
150;225;20;12;0,03087925910949707;0,016165733337402344;0,003606081008911133;0;0;0;0,00713038444519043;is_in(a0)
100;150;20;6;0,23439741134643555;0,014953374862670898;0,07209253311157227;0;35;26;0,005881547927856445;Unstable
50;75;10;14;0,020733118057250977;0,0061419010162353516;0,003790140151977539;0;2;1;0,003332853317260742;Unstable
200;300;20;20;0,06967473030090332;0,038784027099609375;0,018885374069213867;0;6;11;0,009321928024291992;Unstable
200;300;10;19;0,09761857986450195;0,02579355239868164;0,04811739921569824;0;0;14;0,006476163864135742;is_in(a0)
250;375;40;13;0,07670331001281738;0,06261038780212402;0,004084587097167969;0;0;1;0,015507221221923828;is_in(a0)
